,session_count,avg_session_length,total_play_mins,in_app_purchase_amount
session_count,1.0,-0.010562860725226055,0.5649738599308671,0.03493214688433133
avg_session_length,-0.010562860725226055,1.0,0.7809518029374711,-0.027898803948883843
total_play_mins,0.5649738599308671,0.7809518029374711,1.0,0.0013241042220461863
in_app_purchase_amount,0.03493214688433133,-0.027898803948883843,0.0013241042220461863,1.0
